Alloy_ID,Cr,Mo,Nb,Ta,Ti,V,W,Density_g_cc,EQ 500C BCC_B2 MOL,EQ 500C BCC_B2#2 MOL,EQ 500C C15_LAVES MOL,EQ 600C BCC_B2 MOL,EQ 600C BCC_B2#2 MOL,EQ 600C C15_LAVES MOL,EQ 1300C BCC_B2 MOL,EQ 2000C BCC_B2 MOL,EQ 2000C LIQUID MOL
NbTaV65_path_05,0.05,0.1,0.1665451507801966,0.1665451507801966,0.1,0.3169096984396067,0.1,10.1517420936878,0.4329296475650426,0.4794431427326084,0.0876272097023491,0.54166606853529,0.4081322482663191,0.0502016831983908,1.0000000000000002,1.0,
NbTaV65_path_06,0.05,0.1,0.1565208476029026,0.1565208476029026,0.1,0.3369583047941947,0.1,10.024143918860368,0.4537152246282545,0.4702997802820537,0.0759849950896918,0.4600282315822656,0.5097416040916753,0.0302301643260589,1.0,0.9999999999999998,
NbTaV65_path_07,0.05,0.1,0.1464965444256086,0.1464965444256086,0.1,0.3570069111487827,0.1,9.895192498047956,0.431010365662679,0.5070908025439108,0.0618988317934103,0.5099640974281547,0.4830086056240539,0.0070272969477912,1.0,1.0000000000000002,
NbTaV65_path_08,0.05,0.1,0.1364722412483146,0.1364722412483146,0.1,0.3770555175033707,0.1,9.7648661886532,0.5440868346805181,0.411063156089467,0.0448500092300149,0.4471548372245452,0.5528451627754549,,1.0,1.0000000000000002,
NbTaV65_path_09,0.05,0.1,0.126447938,0.126447938,0.1,0.397104124,0.1,9.633142884095616,0.582029647,0.393713058,0.024257295,0.411069231,0.588930769,,1.0,0.98800085,0.01199915
