Alloy_ID,Cr,Mo,Nb,Ta,Ti,V,W,Density_g_cc,EQ 500C BCC_B2 MOL,EQ 500C BCC_B2#2 MOL,EQ 500C C15_LAVES MOL,EQ 600C BCC_B2 MOL,EQ 600C BCC_B2#2 MOL,EQ 600C C15_LAVES MOL,EQ 1300C BCC_B2 MOL,EQ 2000C BCC_B2 MOL,EQ 2000C LIQUID MOL
NbTaV65_path_00,0.05,0.1,0.2166666666666666,0.2166666666666666,0.1,0.2166666666666666,0.1,10.770160784709928,0.199403696059643,0.6788827795083537,0.1217135244320032,0.0258924951970533,0.8589890415315835,0.115118463271363,1.0,1.0000000000000002,
NbTaV65_path_01,0.05,0.1,0.2066423634893726,0.2066423634893726,0.1,0.2367152730212547,0.1,10.649019613353095,0.2578157813550419,0.6249030829968505,0.1172811356481075,0.1364325916446925,0.7578357303048758,0.1057316780504317,1.0,1.0,
NbTaV65_path_02,0.05,0.1,0.1966180603120786,0.1966180603120786,0.1,0.2567638793758427,0.1,10.526626860155703,0.3080635025580516,0.580093557566212,0.1118429398757365,0.6838741075264779,0.2213152062952906,0.0948106861782314,1.0,1.0000000000000002,
NbTaV65_path_03,0.05,0.1,0.1865937571347846,0.1865937571347846,0.1,0.2768124857304307,0.1,10.4029630281403,0.3529212269452402,0.5418379259602669,0.1052408470944927,0.6263490328626189,0.2915316462543612,0.0821193208830199,1.0000000000000002,1.0000000000000002,
NbTaV65_path_04,0.05,0.1,0.176569454,0.176569454,0.1,0.296861092,0.1,10.278008213253838,0.39413046,0.508607995,0.097261545,0.579936504,0.352697759,0.067365737,1.0,1.0,
